[
    {"movieName":"HorrorSeries","rating":4,"genre":"Drama"},
    {"movieName":"Iron Man(I)","rating":3.5,"genre":"Satire"},
    {"movieName":"HorrorSeries","rating":4.1,"genre":"Drama"},
    {"movieName":"Iron Man(II)","rating":4.2,"genre":"Satire"},
    {"movieName":"Iron Man(III)","rating":4.1,"genre":"Drama"},
    {"movieName":"Piretes Of Caribian","rating":5,"genre":"Satire"},
    {"movieName":"HorrorSeries","rating":4.2,"genre":"Drama"},
    {"movieName":"HomeAlone","rating":3.5,"genre":"Satire"},
    {"movieName":"HorrorSeries","rating":4.2,"genre":"Drama"},
    {"movieName":"HomeAlone","rating":3.6,"genre":"Satire"}
]