<?xml version="1.0" encoding="UTF-8"?>
<Server port="${base.shutdown.port}" shutdown="SHUTDOWN">
    <Listener className="org.apache.catalina.core.JreMemoryLeakPreventionListener"/>
    <Listener className="org.apache.catalina.mbeans.GlobalResourcesLifecycleListener"/>
    <Listener className="org.apache.catalina.core.ThreadLocalLeakPreventionListener"/>
    <Listener className="com.springsource.tcserver.serviceability.deploy.TcContainerDeployer"/>
    <Listener accessFile="${catalina.base}/conf/jmxremote.access" address="127.0.0.1" authenticate="true" className="com.springsource.tcserver.serviceability.rmi.JmxSocketListener" passwordFile="${catalina.base}/conf/jmxremote.password" port="${base.jmx.port}" useSSL="false"/>
    <GlobalNamingResources>
        <Resource auth="Container" description="User database that can be updated and saved" factory="org.apache.catalina.users.MemoryUserDatabaseFactory" name="UserDatabase" pathname="conf/tomcat-users.xml" type="org.apache.catalina.UserDatabase"/>
    </GlobalNamingResources>
    <Service name="Catalina">
        <Executor maxThreads="300" minSpareThreads="50" name="tomcatThreadPool" namePrefix="tomcat-http--"/>
        <Engine defaultHost="localhost" name="Catalina">
            <Realm className="org.apache.catalina.realm.LockOutRealm">
                <Realm className="org.apache.catalina.realm.UserDatabaseRealm" resourceName="UserDatabase"/>
            </Realm>
            <Host appBase="webapps" autoDeploy="true" deployOnStartup="true" deployXML="true" name="localhost" unpackWARs="true">
                <Valve className="org.apache.catalina.valves.AccessLogValve" directory="logs" pattern="%h %l %u %t &quot;%r&quot; %s %b" prefix="localhost_access_log." suffix=".txt"/>
            <Context docBase="Spring500_MVC_REST" path="/Spring500_MVC_REST" reloadable="true" source="org.eclipse.jst.jee.server:Spring500_MVC_REST"/></Host>
        </Engine>
        <Connector acceptCount="100" connectionTimeout="20000" executor="tomcatThreadPool" maxKeepAliveRequests="15" port="${nio.http.port}" protocol="org.apache.coyote.http11.Http11NioProtocol" redirectPort="${nio.https.port}"/>
    </Service>
</Server>