<?xml version="1.0" encoding="UTF-8"?>
<beans xmlns="http://www.springframework.org/schema/beans"
    xmlns:ctx= "http://www.springframework.org/schema/context"
    xmlns:tx= "http://www.springframework.org/schema/tx"
    xmlns:xsi="http://www.w3.org/2001/XMLSchema-instance"
    xsi:schemaLocation="
        http://www.springframework.org/schema/beans 
        	http://www.springframework.org/schema/beans/spring-beans.xsd
        	
         http://www.springframework.org/schema/context 
        	http://www.springframework.org/schema/context/spring-context.xsd
        	
        http://www.springframework.org/schema/tx 
        	http://www.springframework.org/schema/tx/spring-tx.xsd
        	">
<ctx:component-scan base-package="com.cg.web.controllers,com.cg.web.service,com.cg.web.dao"></ctx:component-scan>

<bean id = "dataSource"
class = "org.springframework.jdbc.datasource.DriverManagerDataSource">
   <property name = "driverClassName" value = "oracle.jdbc.OracleDriver"/>
   <property name = "url" value = "jdbc:oracle:thin:@localhost:1521:xe"/>
   <property name = "username" value = "system"/>
   <property name = "password" value = "Capgemini123"/>
</bean>
 <bean id="entityManagerFactoryBean" class="org.springframework.orm.jpa.LocalContainerEntityManagerFactoryBean">
      <property name="dataSource" ref="dataSource" />
      <!-- This makes /META-INF/persistence.xml is no longer necessary -->
      <property name="packagesToScan" value="com.cg.web.dto" />
      <!-- JpaVendorAdapter implementation for Hibernate EntityManager.
           Exposes Hibernate's persistence provider and EntityManager extension interface -->
      <property name="jpaVendorAdapter">
         <bean class="org.springframework.orm.jpa.vendor.HibernateJpaVendorAdapter" />
      </property>
      <property name="jpaProperties">
         <props>
             <!-- if we want table to be created using the entity class. set this attribute to true -->
            <prop key="hibernate.dialect">org.hibernate.dialect.Oracle10gDialect</prop> <!-- converts jpql to database specific queries -->
         </props>
      </property>
   </bean>
<bean class="org.springframework.web.servlet.view.InternalResourceViewResolver">
    <property name="prefix" value="/WEB-INF/jsps/" />
    <property name="suffix" value=".jsp" />
</bean>
 <bean id="transactionManager" class="org.springframework.orm.jpa.JpaTransactionManager">  <!-- JPA Gives simple and distributed transactions -->
      <property name="entityManagerFactory" ref="entityManagerFactoryBean" />
   </bean>
   
   <tx:annotation-driven /> <!-- Goes to the code and asks Transaction Manager to execute the transaction  -->
</beans> 