<?xml version="1.0" encoding="UTF-8"?>
<beans xmlns="http://www.springframework.org/schema/beans"
		 xmlns:ctx="http://www.springframework.org/schema/context"
		 xmlns:tx="http://www.springframework.org/schema/tx"
   		 xmlns:xsi="http://www.w3.org/2001/XMLSchema-instance"
   		 xsi:schemaLocation="
          http://www.springframework.org/schema/beans 
          http://www.springframework.org/schema/beans/spring-beans.xsd
          
          http://www.springframework.org/schema/context 
          http://www.springframework.org/schema/context/spring-context.xsd
          
          http://www.springframework.org/schema/tx
          http://www.springframework.org/schema/tx/spring-tx.xsd">

   
   <ctx:component-scan base-package="com.cg.core.services, com.cg.core.dao"></ctx:component-scan>
   
   
<bean id = "dataSource"
class = "org.springframework.jdbc.datasource.DriverManagerDataSource">
   <property name = "driverClassName" value = "oracle.jdbc.OracleDriver"/>
   <property name = "url" value = "jdbc:oracle:thin:@localhost:1521:XE"/>
   <property name = "username" value = "system"/>
   <property name = "password" value = "Capgemini123"/>
</bean>

 <bean id="entityManagerFactoryBean" class="org.springframework.orm.jpa.LocalContainerEntityManagerFactoryBean">
      <property name="dataSource" ref="dataSource" />
      <!-- This makes /META-INF/persistence.xml is no longer necessary -->
      <property name="packagesToScan" value="com.cg.core.dto" />
      <!-- JpaVendorAdapter implementation for Hibernate EntityManager.
      	   Exposes Hibernate's persistence provider and EntityManager extension interface -->
      <property name="jpaVendorAdapter">
         <bean class="org.springframework.orm.jpa.vendor.HibernateJpaVendorAdapter" />
      </property>
      <property name="jpaProperties">
         <props>
           <!--  <prop key="hibernate.hbm2ddl.auto">false</prop>  -->	
            <prop key="hibernate.dialect">org.hibernate.dialect.Oracle10gDialect</prop>
         </props>
      </property>
   </bean>
   <bean id="transactionManager" class="org.springframework.orm.jpa.JpaTransactionManager">
      <property name="entityManagerFactory" ref="entityManagerFactoryBean" />
   </bean>
   <tx:annotation-driven />
</beans>